"family","genus","species","binomial","type"
"Nymphalidae","Eresia","coela","Eresia_coela",1
"Nymphalidae","Eresia","eunice","Eresia_eunice",1
"Nymphalidae","Ortilia","ithra","Ortilia_ithra",1
"Nymphalidae","Telenassa","teletusa","Telenassa_teletusa",1
"Nymphalidae","Castilia","myia","Castilia_myia",1
"Nymphalidae","Anthanassa","frisia","Anthanassa_frisia",0
"Nymphalidae","Anthanassa","texana","Anthanassa_texana",0
"Nymphalidae","Anthanassa","ptolyca","Anthanassa_ptolyca",1
"Nymphalidae","Tegosa","anieta","Tegosa_anieta",0
"Nymphalidae","Phyciodes","orseis","Phyciodes_orseis",1
"Nymphalidae","Phyciodes","mylitta","Phyciodes_mylitta",0
"Nymphalidae","Phyciodes","phaon","Phyciodes_phaon",1
"Nymphalidae","Phyciodes","tharos","Phyciodes_tharos",0
"Nymphalidae","Phyciodes","batesii","Phyciodes_batesii",1
"Nymphalidae","Ortilia","orthia","Ortilia_orthia",1
"Nymphalidae","Ortilia","liriope","Ortilia_liriope",0
"Nymphalidae","Phystis","simois","Phystis_simois",1
"Nymphalidae","Melitaea","diamina","Melitaea_diamina",0
"Nymphalidae","Melitaea","cinxia","Melitaea_cinxia",0
"Nymphalidae","Melitaea","phoebe","Melitaea_phoebe",1
"Nymphalidae","Melitaea","aetherie","Melitaea_aetherie",1
"Nymphalidae","Melitaea","arduinna","Melitaea_arduinna",1
"Nymphalidae","Melitaea","didyma","Melitaea_didyma",0
"Nymphalidae","Chlosyne","californica","Chlosyne_californica",1
"Nymphalidae","Chlosyne","lacinia","Chlosyne_lacinia",0
"Nymphalidae","Chlosyne","gaudealis","Chlosyne_gaudealis",1
"Nymphalidae","Chlosyne","narva","Chlosyne_narva",1
"Nymphalidae","Chlosyne","janais","Chlosyne_janais",0
"Nymphalidae","Dymasia","dymas","Dymasia_dymas",1
"Nymphalidae","Texola","elada","Texola_elada",1
"Nymphalidae","Poladryas","arachne","Poladryas_arachne",1
"Nymphalidae","Euphydryas","chalcedona","Euphydryas_chalcedona",0
"Nymphalidae","Euphydryas","anicia","Euphydryas_anicia",0
"Nymphalidae","Euphydryas","phaeton","Euphydryas_phaeton",0
"Nymphalidae","Euphydryas","editha","Euphydryas_editha",1
"Nymphalidae","Euphydryas","aurinia","Euphydryas_aurinia",0
"Nymphalidae","Euphydryas","maturna","Euphydryas_maturna",0
"Nymphalidae","Euphydryas","gillettii","Euphydryas_gillettii",0
"Nymphalidae","Doleschallia","bisaltide","Doleschallia_bisaltide",0
"Nymphalidae","Junonia","evarete","Junonia_evarete",0
"Nymphalidae","Junonia","genoveva","Junonia_genoveva",0
"Nymphalidae","Junonia","coenia","Junonia_coenia",0
"Nymphalidae","Junonia","oenone","Junonia_oenone",1
"Nymphalidae","Junonia","almana","Junonia_almana",0
"Nymphalidae","Junonia","westermanni","Junonia_westermanni",0
"Nymphalidae","Junonia","sophia","Junonia_sophia",0
"Nymphalidae","Junonia","orithya","Junonia_orithya",0
"Nymphalidae","Junonia","hierta","Junonia_hierta",1
"Nymphalidae","Junonia","villida","Junonia_villida",0
"Nymphalidae","Junonia","lemonias","Junonia_lemonias",0
"Nymphalidae","Junonia","hedonia","Junonia_hedonia",1
"Nymphalidae","Junonia","atlites","Junonia_atlites",0
"Nymphalidae","Junonia","iphita","Junonia_iphita",1
"Nymphalidae","Junonia","artaxia","Junonia_artaxia",1
"Nymphalidae","Junonia","natalica","Junonia_natalica",0
"Nymphalidae","Junonia","terea","Junonia_terea",1
"Nymphalidae","Yoma","algina","Yoma_algina",1
"Nymphalidae","Yoma","sabina","Yoma_sabina",0
"Nymphalidae","Salamis","cacta","Salamis_cacta",0
"Nymphalidae","Hypolimnas","bolina","Hypolimnas_bolina",0
"Nymphalidae","Hypolimnas","alimena","Hypolimnas_alimena",1
"Nymphalidae","Hypolimnas","misippus","Hypolimnas_misippus",0
"Nymphalidae","Hypolimnas","anthedon","Hypolimnas_anthedon",0
"Nymphalidae","Hypolimnas","dinarcha","Hypolimnas_dinarcha",1
"Nymphalidae","Hypolimnas","usambara","Hypolimnas_usambara",1
"Nymphalidae","Hypolimnas","salmacis","Hypolimnas_salmacis",1
"Nymphalidae","Hypolimnas","monteironis","Hypolimnas_monteironis",1
"Nymphalidae","Siproeta","stelenes","Siproeta_stelenes",0
"Nymphalidae","Siproeta","epaphus","Siproeta_epaphus",1
"Apocynaceae","Anartia","fatima","Anartia_fatima",0
"Apocynaceae","Anartia","amathea","Anartia_amathea",0
"Apocynaceae","Anartia","jatrophae","Anartia_jatrophae",0
"Nymphalidae","Kallima","paralekta","Kallima_paralekta",1
"Nymphalidae","Kallima","limborgii","Kallima_limborgii",1
"Nymphalidae","Kallima","inachus","Kallima_inachus",0
"Nymphalidae","Catacroptera","cloanthe","Catacroptera_cloanthe",0
"Nymphalidae","Rhinopalpa","polynice","Rhinopalpa_polynice",0
"Nymphalidae","Polygonia","zephyrus","Polygonia_zephyrus",0
"Nymphalidae","Polygonia","gracilis","Polygonia_gracilis",0
"Nymphalidae","Polygonia","oreas","Polygonia_oreas",0
"Nymphalidae","Polygonia","progne","Polygonia_progne",0
"Nymphalidae","Polygonia","interrogationis","Polygonia_interrogationis",0
"Nymphalidae","Polygonia","comma","Polygonia_comma",0
"Nymphalidae","Polygonia","satyrus","Polygonia_satyrus",0
"Nymphalidae","Polygonia","egea","Polygonia_egea",0
"Nymphalidae","Polygonia","faunus","Polygonia_faunus",0
"Nymphalidae","Nymphalis","xanthomelas","Nymphalis_xanthomelas",0
"Nymphalidae","Nymphalis","antiopa","Nymphalis_antiopa",0
"Nymphalidae","Nymphalis","californica","Nymphalis_californica",0
"Nymphalidae","Nymphalis","polychloros","Nymphalis_polychloros",0
"Nymphalidae","Kaniska","canace","Kaniska_canace",0
"Nymphalidae","Aglais","milberti","Aglais_milberti",0
"Nymphalidae","Aglais","urticae","Aglais_urticae",0
"Nymphalidae","Inachis","io","Inachis_io",0
"Nymphalidae","Antanartia","schaeneia","Antanartia_schaeneia",1
"Nymphalidae","Antanartia","delius","Antanartia_delius",1
"Nymphalidae","Vanessa","indica","Vanessa_indica",0
"Nymphalidae","Vanessa","tameamea","Vanessa_tameamea",1
"Nymphalidae","Vanessa","atalanta","Vanessa_atalanta",0
"Nymphalidae","Vanessa","annabella","Vanessa_annabella",0
"Nymphalidae","Vanessa","kershawi","Vanessa_kershawi",1
"Nymphalidae","Vanessa","cardui","Vanessa_cardui",0
"Nymphalidae","Vanessa","virginiensis","Vanessa_virginiensis",0
"Nymphalidae","Vanessa","itea","Vanessa_itea",1
"Nymphalidae","Hypanartia","paullus","Hypanartia_paullus",0
"Nymphalidae","Hypanartia","lethe","Hypanartia_lethe",0
"Nymphalidae","Symbrenthia","hypselis","Symbrenthia_hypselis",1
"Nymphalidae","Mynes","geoffroyi","Mynes_geoffroyi",1
"Nymphalidae","Araschnia","burejana","Araschnia_burejana",1
"Nymphalidae","Araschnia","levana","Araschnia_levana",1
"Nymphalidae","Colobura","dirce","Colobura_dirce",0
"Nymphalidae","Smyrna","blomfildia","Smyrna_blomfildia",1
"Nymphalidae","Historis","odius","Historis_odius",0
"Nymphalidae","Historis","acheronta","Historis_acheronta",0
"Nymphalidae","Marpesia","chiron","Marpesia_chiron",0
"Nymphalidae","Marpesia","eleuchea","Marpesia_eleuchea",1
"Nymphalidae","Cyrestis","thyodamas","Cyrestis_thyodamas",1
"Nymphalidae","Chersonesia","rahria","Chersonesia_rahria",1
"Nymphalidae","Diaethria","clymena","Diaethria_clymena",0
"Nymphalidae","Temenis","laothoe","Temenis_laothoe",1
"Nymphalidae","Nica","flavilla","Nica_flavilla",1
"Nymphalidae","Epiphile","orea","Epiphile_orea",1
"Nymphalidae","Pyrrhogyra","crameri","Pyrrhogyra_crameri",1
"Nymphalidae","Catonephele","acontius","Catonephele_acontius",0
"Nymphalidae","Catonephele","numilia","Catonephele_numilia",0
"Nymphalidae","Myscelia","cyaniris","Myscelia_cyaniris",1
"Ranunculaceae","Hamadryas","februa","Hamadryas_februa",0
"Nymphalidae","Byblia","anvatara","Byblia_anvatara",1
"Nymphalidae","Neptidopsis","ophione","Neptidopsis_ophione",1
"Nymphalidae","Mesoxantha","ethosea","Mesoxantha_ethosea",1
"Rubiaceae","Ariadne","enotrea","Ariadne_enotrea",1
"Nymphalidae","Eurytela","dryope","Eurytela_dryope",0
"Pyrgomorphidae","Mestra","dorcas","Mestra_dorcas",1
"Nymphalidae","Biblis","hyperia","Biblis_hyperia",0
"Nymphalidae","Sallya","boisduvali","Sallya_boisduvali",0
"Rubiaceae","Ariadne","ariadne","Ariadne_ariadne",0
"Nymphalidae","Neptidopsis","fulgurata","Neptidopsis_fulgurata",1
"Nymphalidae","Sephisa","dichroa","Sephisa_dichroa",1
"Nymphalidae","Sephisa","princeps","Sephisa_princeps",1
"Nymphalidae","Sephisa","chandra","Sephisa_chandra",1
"Nymphalidae","Apatura","iris","Apatura_iris",0
"Nymphalidae","Apatura","nycteis","Apatura_nycteis",1
"Nymphalidae","Hestina","assimilis","Hestina_assimilis",1
"Nymphalidae","Hestina","japonica","Hestina_japonica",1
"Nymphalidae","Euripus","nyctelius","Euripus_nyctelius",0
"Nymphalidae","Sasakia","charonda","Sasakia_charonda",1
"Nymphalidae","Doxocopa","laure","Doxocopa_laure",0
"Nymphalidae","Chitoria","ulupi","Chitoria_ulupi",1
"Nymphalidae","Chitoria","chrysolora","Chitoria_chrysolora",1
"Nymphalidae","Eulaceura","osteria","Eulaceura_osteria",1
"Nymphalidae","Herona","marathus","Herona_marathus",1
"Nymphalidae","Asterocampa","idyja","Asterocampa_idyja",1
"Nymphalidae","Asterocampa","clyton","Asterocampa_clyton",0
"Nymphalidae","Asterocampa","leilia","Asterocampa_leilia",1
"Nymphalidae","Helcyra","superba","Helcyra_superba",1
"Nymphalidae","Timelaea","maculata","Timelaea_maculata",1
"Nymphalidae","Timelaea","albescens","Timelaea_albescens",1
"Nymphalidae","Stibochiona","nicea","Stibochiona_nicea",0
"Nymphalidae","Dichorragia","nesimachus","Dichorragia_nesimachus",1
"Nymphalidae","Amnosia","decora","Amnosia_decora",1
"Nymphalidae","Pseudergolis","wedah","Pseudergolis_wedah",1
"Nymphalidae","Heliconius","sapho","Heliconius_sapho",1
"Nymphalidae","Heliconius","antiochus","Heliconius_antiochus",1
"Nymphalidae","Heliconius","sara","Heliconius_sara",1
"Nymphalidae","Heliconius","hewitsoni","Heliconius_hewitsoni",1
"Nymphalidae","Heliconius","ricini","Heliconius_ricini",1
"Nymphalidae","Heliconius","demeter","Heliconius_demeter",1
"Nymphalidae","Heliconius","hortense","Heliconius_hortense",1
"Nymphalidae","Heliconius","clysonymus","Heliconius_clysonymus",1
"Nymphalidae","Heliconius","erato","Heliconius_erato",1
"Nymphalidae","Heliconius","hermathena","Heliconius_hermathena",1
"Nymphalidae","Heliconius","hecalesia","Heliconius_hecalesia",1
"Nymphalidae","Heliconius","doris","Heliconius_doris",1
"Nymphalidae","Heliconius","xanthocles","Heliconius_xanthocles",1
"Nymphalidae","Heliconius","wallacei","Heliconius_wallacei",1
"Nymphalidae","Heliconius","burneyi","Heliconius_burneyi",1
"Nymphalidae","Heliconius","egeria","Heliconius_egeria",1
"Nymphalidae","Heliconius","elevatus","Heliconius_elevatus",1
"Nymphalidae","Heliconius","pardalinus","Heliconius_pardalinus",1
"Nymphalidae","Heliconius","hecale","Heliconius_hecale",1
"Nymphalidae","Heliconius","ethilla","Heliconius_ethilla",1
"Nymphalidae","Heliconius","melpomene","Heliconius_melpomene",1
"Nymphalidae","Heliconius","timareta","Heliconius_timareta",1
"Nymphalidae","Heliconius","heurippa","Heliconius_heurippa",1
"Nymphalidae","Heliconius","pachinus","Heliconius_pachinus",1
"Nymphalidae","Heliconius","cydno","Heliconius_cydno",1
"Nymphalidae","Heliconius","numata","Heliconius_numata",1
"Nymphalidae","Heliconius","besckei","Heliconius_besckei",1
"Nymphalidae","Heliconius","ismenius","Heliconius_ismenius",1
"Nymphalidae","Heliconius","nattereri","Heliconius_nattereri",1
"Nymphalidae","Heliconius","aoede","Heliconius_aoede",1
"Nymphalidae","Heliconius","metharme","Heliconius_metharme",1
"Nymphalidae","Eueides","pavana","Eueides_pavana",0
"Nymphalidae","Eueides","vibilia","Eueides_vibilia",1
"Nymphalidae","Eueides","procula","Eueides_procula",1
"Nymphalidae","Eueides","isabella","Eueides_isabella",1
"Nymphalidae","Eueides","aliphera","Eueides_aliphera",1
"Nymphalidae","Eueides","lybia","Eueides_lybia",1
"Nymphalidae","Eueides","tales","Eueides_tales",1
"Nymphalidae","Dryadula","phaetusa","Dryadula_phaetusa",1
"Rosaceae","Dryas","iulia","Dryas_iulia",0
"Nymphalidae","Philaethria","dido","Philaethria_dido",1
"Nymphalidae","Philaethria","wernickei","Philaethria_wernickei",1
"Bangiaceae","Dione","moneta","Dione_moneta",1
"Bangiaceae","Dione","juno","Dione_juno",1
"Bangiaceae","Dione","glycera","Dione_glycera",1
"Nymphalidae","Agraulis","vanillae","Agraulis_vanillae",0
"Nymphalidae","Heliconius","charitonius","Heliconius_charitonius",1
"Nymphalidae","Cethosia","hypsea","Cethosia_hypsea",1
"Nymphalidae","Cethosia","penthesilea","Cethosia_penthesilea",1
"Nymphalidae","Cethosia","cyane","Cethosia_cyane",0
"Nymphalidae","Cethosia","biblis","Cethosia_biblis",1
"Nymphalidae","Cethosia","nietneri","Cethosia_nietneri",1
"Nymphalidae","Cethosia","cydippe","Cethosia_cydippe",0
"Nymphalidae","Actinote","rhodope","Actinote_rhodope",0
"Nymphalidae","Actinote","pyrrha","Actinote_pyrrha",0
"Nymphalidae","Actinote","pellenea","Actinote_pellenea",0
"Nymphalidae","Actinote","thalia","Actinote_thalia",0
"Nymphalidae","Actinote","parapheles","Actinote_parapheles",0
"Nymphalidae","Actinote","alalia","Actinote_alalia",1
"Nymphalidae","Mycalesis","gotama","Mycalesis_gotama",1
"Nymphalidae","Actinote","mamita","Actinote_mamita",0
"Nymphalidae","Actinote","genitrix","Actinote_genitrix",1
"Nymphalidae","Acraea","jodutta","Acraea_jodutta",1
"Nymphalidae","Acraea","alciope","Acraea_alciope",0
"Nymphalidae","Acraea","johnstoni","Acraea_johnstoni",1
"Nymphalidae","Acraea","lycoa","Acraea_lycoa",1
"Nymphalidae","Acraea","encedana","Acraea_encedana",1
"Nymphalidae","Acraea","pharsalus","Acraea_pharsalus",0
"Nymphalidae","Acraea","peneleos","Acraea_peneleos",1
"Nymphalidae","Acraea","parrhasia","Acraea_parrhasia",1
"Nymphalidae","Acraea","circeis","Acraea_circeis",1
"Nymphalidae","Acraea","perenna","Acraea_perenna",0
"Nymphalidae","Acraea","igola","Acraea_igola",1
"Nymphalidae","Acraea","vesperalis","Acraea_vesperalis",1
"Nymphalidae","Acraea","bonasia","Acraea_bonasia",0
"Nymphalidae","Acraea","eponina","Acraea_eponina",0
"Nymphalidae","Acraea","oberthueri","Acraea_oberthueri",1
"Nymphalidae","Acraea","acerata","Acraea_acerata",0
"Nymphalidae","Acraea","rahira","Acraea_rahira",0
"Nymphalidae","Acraea","issoria","Acraea_issoria",1
"Nymphalidae","Acraea","andromacha","Acraea_andromacha",0
"Nymphalidae","Acraea","endoscota","Acraea_endoscota",1
"Nymphalidae","Acraea","quirina","Acraea_quirina",0
"Nymphalidae","Acraea","camaena","Acraea_camaena",0
"Nymphalidae","Acraea","egina","Acraea_egina",0
"Nymphalidae","Acraea","abdera","Acraea_abdera",1
"Nymphalidae","Acraea","pseudegina","Acraea_pseudegina",0
"Nymphalidae","Acraea","zetes","Acraea_zetes",0
"Nymphalidae","Acraea","violae","Acraea_violae",0
"Nymphalidae","Clossiana","kriemhild","Clossiana_kriemhild",1
"Nymphalidae","Clossiana","improba","Clossiana_improba",0
"Nymphalidae","Clossiana","frigga","Clossiana_frigga",0
"Nymphalidae","Clossiana","selene","Clossiana_selene",0
"Nymphalidae","Boloria","euphrosyne","Boloria_euphrosyne",1
"Nymphalidae","Clossiana","thore","Clossiana_thore",1
"Nymphalidae","Clossiana","titania","Clossiana_titania",0
"Nymphalidae","Clossiana","freija","Clossiana_freija",0
"Nymphalidae","Clossiana","iphigenia","Clossiana_iphigenia",1
"Nymphalidae","Clossiana","dia","Clossiana_dia",0
"Nymphalidae","Clossiana","astarte","Clossiana_astarte",1
"Nymphalidae","Clossiana","alberta","Clossiana_alberta",1
"Nymphalidae","Boloria","pales","Boloria_pales",0
"Nymphalidae","Boloria","napaea","Boloria_napaea",0
"Nymphalidae","Boloria","aquilonaris","Boloria_aquilonaris",0
"Nymphalidae","Boloria","sifanica","Boloria_sifanica",0
"Nymphalidae","Argynnis","adippe","Argynnis_adippe",1
"Nymphalidae","Speyeria","mormonia","Speyeria_mormonia",1
"Nymphalidae","Argynnis","aglaja","Argynnis_aglaja",1
"Nymphalidae","Brenthis","daphne","Brenthis_daphne",0
"Nymphalidae","Brenthis","ino","Brenthis_ino",0
"Nymphalidae","Brenthis","hecate","Brenthis_hecate",0
"Nymphalidae","Argynnis","paphia","Argynnis_paphia",0
"Nymphalidae","Argynnis","anadyomene","Argynnis_anadyomene",1
"Nymphalidae","Damora","sagana","Damora_sagana",1
"Nymphalidae","Issoria","hanningtoni","Issoria_hanningtoni",1
"Nymphalidae","Issoria","smaragdifera","Issoria_smaragdifera",1
"Nymphalidae","Issoria","lathonia","Issoria_lathonia",0
"Nymphalidae","Speyeria","atlantis","Speyeria_atlantis",1
"Nymphalidae","Ideopsis","similis","Ideopsis_similis",0
"Nymphalidae","Euploea","midamus","Euploea_midamus",0
"Nymphalidae","Vindula","erota","Vindula_erota",1
"Nymphalidae","Argyronome","laodice","Argyronome_laodice",1
"Nymphalidae","Argyreus","hyperbius","Argyreus_hyperbius",0
"Nymphalidae","Pardopsis","punctatissima","Pardopsis_punctatissima",0
"Nymphalidae","Euptoieta","claudia","Euptoieta_claudia",0
"Nymphalidae","Euptoieta","hegesia","Euptoieta_hegesia",0
"Nymphalidae","Phalanta","phalantha","Phalanta_phalantha",0
"Nymphalidae","Vagrans","egista","Vagrans_egista",0
"Nymphalidae","Cupha","erymanthis","Cupha_erymanthis",0
"Nymphalidae","Cupha","prosope","Cupha_prosope",0
"Nymphalidae","Cirrochroa","emalea","Cirrochroa_emalea",1
"Nymphalidae","Cirrochroa","tyche","Cirrochroa_tyche",1
"Nymphalidae","Lachnoptera","anticlia","Lachnoptera_anticlia",0
"Nymphalidae","Vindula","arsinoe","Vindula_arsinoe",1
"Nymphalidae","Basilarchia","arthemis","Basilarchia_arthemis",0
"Nymphalidae","Limenitis","populi","Limenitis_populi",0
"Nymphalidae","Adelpha","cytherea","Adelpha_cytherea",1
"Nymphalidae","Limenitis","moltrechti","Limenitis_moltrechti",1
"Nymphalidae","Phaedyma","columella","Phaedyma_columella",0
"Nymphalidae","Limenitis","helmanni","Limenitis_helmanni",1
"Nymphalidae","Limenitis","camilla","Limenitis_camilla",1
"Nymphalidae","Limenitis","amphyssa","Limenitis_amphyssa",0
"Nymphalidae","Adelpha","bredowii","Adelpha_bredowii",1
"Nymphalidae","Athyma","ranga","Athyma_ranga",1
"Nymphalidae","Athyma","selenophora","Athyma_selenophora",0
"Nymphalidae","Athyma","fortuna","Athyma_fortuna",1
"Nymphalidae","Limenitis","doerriesi","Limenitis_doerriesi",1
"Nymphalidae","Limenitis","sulpitia","Limenitis_sulpitia",1
"Nymphalidae","Moduza","procris","Moduza_procris",1
"Nymphalidae","Basilarchia","archippus","Basilarchia_archippus",0
"Nymphalidae","Pseudacraea","lucretia","Pseudacraea_lucretia",0
"Nymphalidae","Dophla","evelina","Dophla_evelina",0
"Nymphalidae","Tanaecia","julii","Tanaecia_julii",1
"Nymphalidae","Euthalia","monina","Euthalia_monina",0
"Nymphalidae","Euptera","elabontas","Euptera_elabontas",1
"Nymphalidae","Hamanumida","daedalus","Hamanumida_daedalus",0
"Nymphalidae","Aterica","galene","Aterica_galene",0
"Nymphalidae","Bebearia","sophus","Bebearia_sophus",0
"Nymphalidae","Catuna","crithea","Catuna_crithea",0
"Nymphalidae","Neptis","rivularis","Neptis_rivularis",0
"Nymphalidae","Neptis","hylas","Neptis_hylas",0
"Nymphalidae","Neptis","sappho","Neptis_sappho",1
"Nymphalidae","Neptis","ida","Neptis_ida",1
"Nymphalidae","Lasippa","tiga","Lasippa_tiga",1
"Nymphalidae","Pantoporia","sandaka","Pantoporia_sandaka",1
"Nymphalidae","Neptis","saclava","Neptis_saclava",0
"Nymphalidae","Neptis","pryeri","Neptis_pryeri",1
"Nymphalidae","Pantoporia","hordonia","Pantoporia_hordonia",1
"Nymphalidae","Harma","theobene","Harma_theobene",0
"Nymphalidae","Cymothoe","caenis","Cymothoe_caenis",0
"Nymphalidae","Pseudoneptis","bugandensis","Pseudoneptis_bugandensis",1
"Nymphalidae","Parthenos","sylvia","Parthenos_sylvia",0
"Nymphalidae","Napeogenes","sylphis","Napeogenes_sylphis",1
"Nymphalidae","Napeogenes","inachia","Napeogenes_inachia",1
"Nymphalidae","Napeogenes","tolosa","Napeogenes_tolosa",1
"Nymphalidae","Hypothyris","semifulva","Hypothyris_semifulva",1
"Nymphalidae","Hypothyris","fluonia","Hypothyris_fluonia",1
"Nymphalidae","Hypothyris","euclea","Hypothyris_euclea",1
"Nymphalidae","Hypothyris","daphnis","Hypothyris_daphnis",1
"Nymphalidae","Epityches","eupompe","Epityches_eupompe",1
"Nymphalidae","Ithomia","salapia","Ithomia_salapia",1
"Nymphalidae","Ithomia","iphianassa","Ithomia_iphianassa",1
"Nymphalidae","Ithomia","diasia","Ithomia_diasia",1
"Nymphalidae","Ithomia","celemia","Ithomia_celemia",1
"Nymphalidae","Ithomia","patilla","Ithomia_patilla",1
"Nymphalidae","Ithomia","xenos","Ithomia_xenos",1
"Nymphalidae","Ithomia","drymo","Ithomia_drymo",1
"Nymphalidae","Ithomia","agnosia","Ithomia_agnosia",1
"Nymphalidae","Ithomia","amarilla","Ithomia_amarilla",1
"Nymphalidae","Pteronymia","vestilla","Pteronymia_vestilla",1
"Nymphalidae","Episcada","clausina","Episcada_clausina",1
"Nymphalidae","Ceratinia","tutia","Ceratinia_tutia",1
"Nymphalidae","Callithomia","lenea","Callithomia_lenea",1
"Nymphalidae","Callithomia","hezia","Callithomia_hezia",1
"Nymphalidae","Dircenna","dero","Dircenna_dero",1
"Nymphalidae","Pseudoscada","timna","Pseudoscada_timna",1
"Nymphalidae","Mcclungia","cymo","Mcclungia_cymo",1
"Nymphalidae","Hypoleria","lavinia","Hypoleria_lavinia",1
"Nymphalidae","Godyris","zavaleta","Godyris_zavaleta",1
"Nymphalidae","Methona","confusa","Methona_confusa",1
"Nymphalidae","Methona","themisto","Methona_themisto",0
"Nymphalidae","Oleria","rubescens","Oleria_rubescens",1
"Nymphalidae","Oleria","zelica","Oleria_zelica",1
"Nymphalidae","Oleria","victorine","Oleria_victorine",1
"Nymphalidae","Oleria","vicina","Oleria_vicina",1
"Nymphalidae","Hyposcada","virginiana","Hyposcada_virginiana",1
"Nymphalidae","Mechanitis","mazaeus","Mechanitis_mazaeus",1
"Nymphalidae","Mechanitis","lysimnia","Mechanitis_lysimnia",1
"Nymphalidae","Mechanitis","polymnia","Mechanitis_polymnia",1
"Nymphalidae","Forbestra","olivencia","Forbestra_olivencia",1
"Nymphalidae","Scada","zibia","Scada_zibia",1
"Nymphalidae","Tithorea","harmonia","Tithorea_harmonia",1
"Nymphalidae","Melinaea","menophilus","Melinaea_menophilus",1
"Nymphalidae","Thyridia","psidii","Thyridia_psidii",1
"Nymphalidae","Danaus","chrysippus","Danaus_chrysippus",0
"Nymphalidae","Danaus","gilippus","Danaus_gilippus",1
"Nymphalidae","Danaus","plexippus","Danaus_plexippus",0
"Nymphalidae","Danaus","erippus","Danaus_erippus",0
"Nymphalidae","Danaus","genutia","Danaus_genutia",1
"Nymphalidae","Danaus","eresimus","Danaus_eresimus",0
"Nymphalidae","Tirumala","limniace","Tirumala_limniace",0
"Nymphalidae","Tirumala","septentrionis","Tirumala_septentrionis",0
"Nymphalidae","Tirumala","hamata","Tirumala_hamata",0
"Nymphalidae","Parantica","luzonensis","Parantica_luzonensis",1
"Nymphalidae","Parantica","sita","Parantica_sita",1
"Nymphalidae","Parantica","agleoides","Parantica_agleoides",0
"Nymphalidae","Parantica","aspasia","Parantica_aspasia",1
"Nymphalidae","Ideopsis","vulgaris","Ideopsis_vulgaris",1
"Nymphalidae","Ideopsis","gaura","Ideopsis_gaura",1
"Nymphalidae","Amauris","ellioti","Amauris_ellioti",1
"Nymphalidae","Amauris","tartarea","Amauris_tartarea",1
"Nymphalidae","Amauris","niavius","Amauris_niavius",0
"Nymphalidae","Euploea","eunice","Euploea_eunice",0
"Nymphalidae","Euploea","mulciber","Euploea_mulciber",0
"Nymphalidae","Euploea","camaralzeman","Euploea_camaralzeman",1
"Nymphalidae","Idea","stolli","Idea_stolli",0
"Nymphalidae","Idea","lynceus","Idea_lynceus",0
"Nymphalidae","Idea","leuconoe","Idea_leuconoe",0
"Nymphalidae","Anetia","briarea","Anetia_briarea",1
"Nymphalidae","Lycorea","ilione","Lycorea_ilione",0
"Nymphalidae","Euploea","core","Euploea_core",0
"Nymphalidae","Parantica","aglea","Parantica_aglea",1
"Nymphalidae","Tellervo","zoilus","Tellervo_zoilus",0
"Lycaenidae","Hypolycaena","philippus","Hypolycaena_philippus",0
"Nymphalidae","Libytheana","carinenta","Libytheana_carinenta",0
"Nymphalidae","Libythea","celtis","Libythea_celtis",1
"Nymphalidae","Libytheana","bachmanii","Libytheana_bachmanii",0
"Nymphalidae","Acraea","obeira","Acraea_obeira",0
"Nymphalidae","Symbrenthia","lilaea","Symbrenthia_lilaea",1
"Nymphalidae","Cissia","confusa","Cissia_confusa",0
"Nymphalidae","Capronnieria","galesus","Capronnieria_galesus",1
"Nymphalidae","Taygetis","ypthima","Taygetis_ypthima",1
"Nymphalidae","Taygetis","virgilia","Taygetis_virgilia",1
"Nymphalidae","Hermeuptychia","hermes","Hermeuptychia_hermes",1
"Nymphalidae","Hermeuptychia","sosybius","Hermeuptychia_sosybius",1
"Nymphalidae","Godartiana","muscosa","Godartiana_muscosa",1
"Nymphalidae","Cissia","penelope","Cissia_penelope",1
"Nymphalidae","Megisto","cymela","Megisto_cymela",1
"Nymphalidae","Palaeonympha","opalina","Palaeonympha_opalina",1
"Nymphalidae","Cyllopsis","gemma","Cyllopsis_gemma",1
"Nymphalidae","Cyllopsis","pertepida","Cyllopsis_pertepida",1
"Nymphalidae","Acraea","ranavalona","Acraea_ranavalona",1
"Nymphalidae","Lymanopoda","samius","Lymanopoda_samius",1
"Nymphalidae","Lasiommata","maera","Lasiommata_maera",1
"Nymphalidae","Praepedaliodes","phanias","Praepedaliodes_phanias",1
"Nymphalidae","Argyrophorus","argenteus","Argyrophorus_argenteus",1
"Nymphalidae","Oeneis","norna","Oeneis_norna",0
"Nymphalidae","Neominois","ridingsii","Neominois_ridingsii",1
"Nymphalidae","Oeneis","taygete","Oeneis_taygete",1
"Nymphalidae","Oeneis","chryxus","Oeneis_chryxus",0
"Nymphalidae","Oeneis","jutta","Oeneis_jutta",0
"Nymphalidae","Satyrus","ferula","Satyrus_ferula",1
"Nymphalidae","Satyrus","actaea","Satyrus_actaea",1
"Nymphalidae","Chazara","briseis","Chazara_briseis",1
"Nymphalidae","Arethusana","arethusa","Arethusana_arethusa",1
"Nymphalidae","Brintesia","circe","Brintesia_circe",0
"Nymphalidae","Hipparchia","semele","Hipparchia_semele",1
"Nymphalidae","Hipparchia","fagi","Hipparchia_fagi",1
"Nymphalidae","Hipparchia","fidia","Hipparchia_fidia",1
"Nymphalidae","Pseudotergumia","fidia","Pseudotergumia_fidia",1
"Nymphalidae","Hipparchia","statilinus","Hipparchia_statilinus",0
"Nymphalidae","Melanargia","lachesis","Melanargia_lachesis",1
"Nymphalidae","Melanargia","galathea","Melanargia_galathea",1
"Nymphalidae","Melanargia","russiae","Melanargia_russiae",1
"Nymphalidae","Melanargia","ines","Melanargia_ines",1
"Nymphalidae","Melanargia","halimede","Melanargia_halimede",1
"Nymphalidae","Melanargia","occitanica","Melanargia_occitanica",1
"Nymphalidae","Minois","dryas","Minois_dryas",1
"Nymphalidae","Cercyonis","oetus","Cercyonis_oetus",1
"Nymphalidae","Hyponephele","lycaon","Hyponephele_lycaon",1
"Nymphalidae","Erebia","tyndarus","Erebia_tyndarus",1
"Nymphalidae","Erebia","euryale","Erebia_euryale",1
"Nymphalidae","Erebia","ligea","Erebia_ligea",0
"Nymphalidae","Erebia","oeme","Erebia_oeme",0
"Nymphalidae","Erebia","palarica","Erebia_palarica",1
"Nymphalidae","Erebia","triaria","Erebia_triaria",1
"Nymphalidae","Erebia","pharte","Erebia_pharte",1
"Nymphalidae","Erebia","epiphron","Erebia_epiphron",1
"Nymphalidae","Erebia","meolans","Erebia_meolans",1
"Nymphalidae","Erebia","pandrose","Erebia_pandrose",1
"Nymphalidae","Erebia","pronoe","Erebia_pronoe",1
"Nymphalidae","Erebia","montana","Erebia_montana",1
"Nymphalidae","Erebia","medusa","Erebia_medusa",1
"Nymphalidae","Erebia","alberganus","Erebia_alberganus",1
"Nymphalidae","Maniola","jurtina","Maniola_jurtina",1
"Nymphalidae","Aphantopus","hyperantus","Aphantopus_hyperantus",0
"Nymphalidae","Pyronia","cecilia","Pyronia_cecilia",1
"Nymphalidae","Pyronia","bathseba","Pyronia_bathseba",1
"Nymphalidae","Pyronia","tithonus","Pyronia_tithonus",1
"Nymphalidae","Cercyonis","pegala","Cercyonis_pegala",1
"Nymphalidae","Cercyonis","meadii","Cercyonis_meadii",1
"Nymphalidae","Ypthima","baldus","Ypthima_baldus",1
"Nymphalidae","Pseudonympha","magus","Pseudonympha_magus",1
"Nymphalidae","Cassionympha","cassius","Cassionympha_cassius",0
"Nymphalidae","Stygionympha","vigilans","Stygionympha_vigilans",0
"Nymphalidae","Calisto","pulchella","Calisto_pulchella",1
"Nymphalidae","Geitoneura","acantha","Geitoneura_acantha",1
"Nymphalidae","Nesoxenica","leprea","Nesoxenica_leprea",1
"Nymphalidae","Heteronympha","merope","Heteronympha_merope",1
"Nymphalidae","Heteronympha","penelope","Heteronympha_penelope",1
"Nymphalidae","Paratisiphone","lyrnessa","Paratisiphone_lyrnessa",1
"Nymphalidae","Oreixenica","lathoniella","Oreixenica_lathoniella",1
"Nymphalidae","Tisiphone","helena","Tisiphone_helena",0
"Nymphalidae","Tisiphone","abeona","Tisiphone_abeona",1
"Nymphalidae","Hypocysta","adiante","Hypocysta_adiante",1
"Nymphalidae","Erebiola","butleri","Erebiola_butleri",1
"Nymphalidae","Dodonidia","helmsii","Dodonidia_helmsii",0
"Nymphalidae","Coenonympha","tullia","Coenonympha_tullia",0
"Nymphalidae","Coenonympha","pamphilus","Coenonympha_pamphilus",1
"Nymphalidae","Coenonympha","glycerion","Coenonympha_glycerion",1
"Nymphalidae","Coenonympha","arcania","Coenonympha_arcania",1
"Nymphalidae","Coenonympha","hero","Coenonympha_hero",0
"Nymphalidae","Coenonympha","dorus","Coenonympha_dorus",0
"Nymphalidae","Coenonympha","oedippus","Coenonympha_oedippus",0
"Nymphalidae","Manataria","hercyna","Manataria_hercyna",1
"Nymphalidae","Orsotriaena","medus","Orsotriaena_medus",1
"Nymphalidae","Coelites","euptychioides","Coelites_euptychioides",1
"Nymphalidae","Lethe","europa","Lethe_europa",1
"Nymphalidae","Erebia","aethiops","Erebia_aethiops",1
"Nymphalidae","Lethe","chandica","Lethe_chandica",1
"Nymphalidae","Erebia","niphonica","Erebia_niphonica",1
"Nymphalidae","Enodia","anthedon","Enodia_anthedon",1
"Nymphalidae","Enodia","portlandia","Enodia_portlandia",1
"Nymphalidae","Satyrodes","eurydice","Satyrodes_eurydice",1
"Nymphalidae","Lethe","minerva","Lethe_minerva",1
"Nymphalidae","Lethe","confusa","Lethe_confusa",1
"Nymphalidae","Aphysoneura","pigmentaria","Aphysoneura_pigmentaria",1
"Nymphalidae","Neope","bremeri","Neope_bremeri",1
"Nymphalidae","Pararge","aegeria","Pararge_aegeria",1
"Nymphalidae","Lasiommata","petropolitana","Lasiommata_petropolitana",1
"Nymphalidae","Lasiommata","megera","Lasiommata_megera",1
"Nymphalidae","Lopinga","achine","Lopinga_achine",0
"Nymphalidae","Mycalesis","sangaica","Mycalesis_sangaica",1
"Nymphalidae","Mycalesis","janardana","Mycalesis_janardana",1
"Nymphalidae","Henotesia","perspicua","Henotesia_perspicua",1
"Nymphalidae","Henotesia","simonsii","Henotesia_simonsii",0
"Nymphalidae","Bicyclus","iccius","Bicyclus_iccius",1
"Nymphalidae","Bicyclus","medontias","Bicyclus_medontias",1
"Nymphalidae","Bicyclus","dorothea","Bicyclus_dorothea",1
"Nymphalidae","Bicyclus","vulgaris","Bicyclus_vulgaris",1
"Nymphalidae","Bicyclus","dubia","Bicyclus_dubia",1
"Nymphalidae","Bicyclus","safitza","Bicyclus_safitza",1
"Nymphalidae","Bicyclus","anynana","Bicyclus_anynana",1
"Nymphalidae","Mycalesis","terminus","Mycalesis_terminus",1
"Nymphalidae","Mycalesis","visala","Mycalesis_visala",1
"Nymphalidae","Mycalesis","perseus","Mycalesis_perseus",1
"Nymphalidae","Mycalesis","mineus","Mycalesis_mineus",1
"Nymphalidae","Elymnias","bammakoo","Elymnias_bammakoo",1
"Nymphalidae","Mycalesis","francisca","Mycalesis_francisca",1
"Nymphalidae","Mycalesis","orseis","Mycalesis_orseis",1
"Nymphalidae","Lethe","diana","Lethe_diana",1
"Nymphalidae","Mycalesis","sirius","Mycalesis_sirius",1
"Nymphalidae","Melanitis","leda","Melanitis_leda",0
"Nymphalidae","Mycalesis","maianeas","Mycalesis_maianeas",1
"Nymphalidae","Mycalesis","anapita","Mycalesis_anapita",1
"Nymphalidae","Discophora","sondaica","Discophora_sondaica",1
"Nymphalidae","Dingana","dingana","Dingana_dingana",1
"Nymphalidae","Aeropetes","tulbaghia","Aeropetes_tulbaghia",1
"Nymphalidae","Torynesis","mintha","Torynesis_mintha",1
"Nymphalidae","Torynesis","hawequas","Torynesis_hawequas",1
"Nymphalidae","Dira","clytus","Dira_clytus",1
"Nymphalidae","Dira","oxylus","Dira_oxylus",1
"Nymphalidae","Dira","jansei","Dira_jansei",1
"Nymphalidae","Dira","swanepoeli","Dira_swanepoeli",1
"Nymphalidae","Paralethe","dendrophilus","Paralethe_dendrophilus",1
"Nymphalidae","Gnophodes","chelys","Gnophodes_chelys",1
"Nymphalidae","Amathusia","phidippus","Amathusia_phidippus",0
"Nymphalidae","Discophora","necho","Discophora_necho",1
"Nymphalidae","Thauria","aliris","Thauria_aliris",1
"Nymphalidae","Stichophthalma","howqua","Stichophthalma_howqua",0
"Nymphalidae","Elymnias","hypermnestra","Elymnias_hypermnestra",0
"Nymphalidae","Elymnias","nesaea","Elymnias_nesaea",1
"Nymphalidae","Elymnias","casiphone","Elymnias_casiphone",1
"Nymphalidae","Xanthotaenia","busiris","Xanthotaenia_busiris",1
"Nymphalidae","Opsiphanes","cassina","Opsiphanes_cassina",0
"Nymphalidae","Opsiphanes","quiteria","Opsiphanes_quiteria",1
"Nymphalidae","Dynastor","darius","Dynastor_darius",0
"Nymphalidae","Dasyophthalma","rusina","Dasyophthalma_rusina",0
"Nymphalidae","Caligo","idomeneus","Caligo_idomeneus",0
"Nymphalidae","Brassolis","sophorae","Brassolis_sophorae",0
"Nymphalidae","Morpho","peleides","Morpho_peleides",0
"Nymphalidae","Calinaga","buddha","Calinaga_buddha",1
"Nymphalidae","Charaxes","bernardus","Charaxes_bernardus",0
"Nymphalidae","Charaxes","marmax","Charaxes_marmax",1
"Nymphalidae","Charaxes","amycus","Charaxes_amycus",1
"Nymphalidae","Charaxes","affinis","Charaxes_affinis",1
"Nymphalidae","Charaxes","latona","Charaxes_latona",0
"Nymphalidae","Charaxes","antamboulou","Charaxes_antamboulou",1
"Nymphalidae","Charaxes","candiope","Charaxes_candiope",0
"Nymphalidae","Charaxes","tiridates","Charaxes_tiridates",0
"Nymphalidae","Charaxes","cithaeron","Charaxes_cithaeron",0
"Nymphalidae","Charaxes","nandina","Charaxes_nandina",0
"Nymphalidae","Charaxes","xiphares","Charaxes_xiphares",0
"Nymphalidae","Charaxes","smaragdalis","Charaxes_smaragdalis",1
"Nymphalidae","Charaxes","bohemani","Charaxes_bohemani",0
"Nymphalidae","Charaxes","bipunctatus","Charaxes_bipunctatus",0
"Nymphalidae","Charaxes","numenes","Charaxes_numenes",0
"Nymphalidae","Charaxes","ameliae","Charaxes_ameliae",1
"Nymphalidae","Charaxes","pythodoris","Charaxes_pythodoris",1
"Nymphalidae","Charaxes","lactetinctus","Charaxes_lactetinctus",0
"Nymphalidae","Charaxes","druceanus","Charaxes_druceanus",0
"Nymphalidae","Charaxes","eudoxus","Charaxes_eudoxus",0
"Nymphalidae","Charaxes","pollux","Charaxes_pollux",0
"Nymphalidae","Charaxes","ansorgei","Charaxes_ansorgei",1
"Nymphalidae","Charaxes","brutus","Charaxes_brutus",0
"Nymphalidae","Charaxes","lucretius","Charaxes_lucretius",0
"Nymphalidae","Charaxes","jasius","Charaxes_jasius",0
"Nymphalidae","Charaxes","castor","Charaxes_castor",0
"Nymphalidae","Charaxes","legeri","Charaxes_legeri",0
"Nymphalidae","Charaxes","fulvescens","Charaxes_fulvescens",1
"Nymphalidae","Charaxes","acuminatus","Charaxes_acuminatus",0
"Nymphalidae","Charaxes","varanes","Charaxes_varanes",0
"Nymphalidae","Charaxes","cynthia","Charaxes_cynthia",0
"Nymphalidae","Charaxes","lasti","Charaxes_lasti",1
"Nymphalidae","Charaxes","boueti","Charaxes_boueti",0
"Nymphalidae","Charaxes","protoclea","Charaxes_protoclea",0
"Nymphalidae","Charaxes","hadrianus","Charaxes_hadrianus",1
"Nymphalidae","Charaxes","zingha","Charaxes_zingha",1
"Nymphalidae","Charaxes","congdoni","Charaxes_congdoni",1
"Nymphalidae","Charaxes","marieps","Charaxes_marieps",1
"Nymphalidae","Charaxes","cacuthis","Charaxes_cacuthis",1
"Nymphalidae","Charaxes","kirki","Charaxes_kirki",1
"Nymphalidae","Charaxes","galawadiwosi","Charaxes_galawadiwosi",1
"Nymphalidae","Charaxes","plantroui","Charaxes_plantroui",1
"Nymphalidae","Charaxes","virilis","Charaxes_virilis",1
"Nymphalidae","Charaxes","howarthi","Charaxes_howarthi",1
"Nymphalidae","Charaxes","berkeleyi","Charaxes_berkeleyi",0
"Nymphalidae","Charaxes","ethalion","Charaxes_ethalion",0
"Nymphalidae","Charaxes","etheocles","Charaxes_etheocles",0
"Nymphalidae","Charaxes","mafuga","Charaxes_mafuga",1
"Nymphalidae","Charaxes","guderiana","Charaxes_guderiana",1
"Nymphalidae","Charaxes","blanda","Charaxes_blanda",1
"Nymphalidae","Charaxes","penricei","Charaxes_penricei",0
"Nymphalidae","Charaxes","etesipe","Charaxes_etesipe",0
"Nymphalidae","Charaxes","achaemenes","Charaxes_achaemenes",0
"Nymphalidae","Charaxes","jahlusa","Charaxes_jahlusa",0
"Nymphalidae","Charaxes","opinatus","Charaxes_opinatus",1
"Nymphalidae","Charaxes","baumanni","Charaxes_baumanni",1
"Nymphalidae","Charaxes","anticlea","Charaxes_anticlea",1
"Nymphalidae","Charaxes","eupale","Charaxes_eupale",0
"Nymphalidae","Charaxes","dilutus","Charaxes_dilutus",1
"Nymphalidae","Charaxes","montis","Charaxes_montis",1
"Nymphalidae","Charaxes","subornatus","Charaxes_subornatus",1
"Nymphalidae","Euxanthe","eurinome","Euxanthe_eurinome",0
"Nymphalidae","Euxanthe","crossleyi","Euxanthe_crossleyi",1
"Nymphalidae","Euxanthe","tiberius","Euxanthe_tiberius",1
"Nymphalidae","Euxanthe","trajanus","Euxanthe_trajanus",0
"Nymphalidae","Charaxes","nichetes","Charaxes_nichetes",1
"Nymphalidae","Polyura","athamas","Polyura_athamas",1
"Nymphalidae","Polyura","moori","Polyura_moori",1
"Nymphalidae","Polyura","schreiber","Polyura_schreiber",0
"Nymphalidae","Charaxes","paphianus","Charaxes_paphianus",1
"Nymphalidae","Charaxes","pleione","Charaxes_pleione",1
"Nymphalidae","Charaxes","zoolina","Charaxes_zoolina",1
"Nymphalidae","Charaxes","lycurgus","Charaxes_lycurgus",0
"Nymphalidae","Charaxes","solon","Charaxes_solon",1
"Nymphalidae","Polyura","narcaea","Polyura_narcaea",0
"Nymphalidae","Palla","violinitens","Palla_violinitens",0
"Nymphalidae","Palla","ussheri","Palla_ussheri",0
"Nymphalidae","Palla","decius","Palla_decius",0
"Nymphalidae","Fountainea","ryphea","Fountainea_ryphea",1
"Nymphalidae","Anaea","troglodyta","Anaea_troglodyta",1
"Nymphalidae","Consul","fabius","Consul_fabius",0
"Nymphalidae","Zaretis","itys","Zaretis_itys",0
"Nymphalidae","Siderone","galanthis","Siderone_galanthis",1
"Nymphalidae","Hypna","clytemnestra","Hypna_clytemnestra",1
"Nymphalidae","Agatasa","calydonia","Agatasa_calydonia",1
"Nymphalidae","Prothoe","franck","Prothoe_franck",1
"Nymphalidae","Anaea","andria","Anaea_andria",1
"Lycaenidae","Agrodiaetus","antidolus","Agrodiaetus_antidolus",1
"Lycaenidae","Agrodiaetus","hamadanensis","Agrodiaetus_hamadanensis",1
"Lycaenidae","Agrodiaetus","poseidon","Agrodiaetus_poseidon",1
"Lycaenidae","Agrodiaetus","firdussii","Agrodiaetus_firdussii",1
"Lycaenidae","Agrodiaetus","demavendi","Agrodiaetus_demavendi",1
"Lycaenidae","Agrodiaetus","ripartii","Agrodiaetus_ripartii",1
"Lycaenidae","Agrodiaetus","turcicus","Agrodiaetus_turcicus",1
"Lycaenidae","Agrodiaetus","dolus","Agrodiaetus_dolus",1
"Lycaenidae","Agrodiaetus","damon","Agrodiaetus_damon",1
"Lycaenidae","Polyommatus","icarus","Polyommatus_icarus",1
"Lycaenidae","Lysandra","syriaca","Lysandra_syriaca",1
NA,"Meleageria","daphnis","Meleageria_daphnis",1
NA,"Plebicula","dorylas","Plebicula_dorylas",1
"Lycaenidae","Lysandra","bellargus","Lysandra_bellargus",1
"Lycaenidae","Lysandra","coridon","Lysandra_coridon",1
"Lycaenidae","Aricia","eumedon","Aricia_eumedon",1
"Lycaenidae","Aricia","artaxerxes","Aricia_artaxerxes",0
"Lycaenidae","Aricia","agestis","Aricia_agestis",0
"Lycaenidae","Aricia","nicias","Aricia_nicias",1
"Lycaenidae","Lycaeides","melissa","Lycaeides_melissa",0
"Lycaenidae","Lycaeides","argyrognomon","Lycaeides_argyrognomon",1
"Lycaenidae","Plebejus","argus","Plebejus_argus",0
"Lycaenidae","Agriades","glandon","Agriades_glandon",0
"Lycaenidae","Cyaniris","semiargus","Cyaniris_semiargus",0
"Lycaenidae","Albulina","orbitulus","Albulina_orbitulus",1
"Lycaenidae","Plebejus","acmon","Plebejus_acmon",0
"Lycaenidae","Pseudolucia","collina","Pseudolucia_collina",1
"Lycaenidae","Hemiargus","hanno","Hemiargus_hanno",0
"Lycaenidae","Hemiargus","ceraunus","Hemiargus_ceraunus",1
"Lycaenidae","Cyclargus","ammon","Cyclargus_ammon",1
"Lycaenidae","Chilades","trochylus","Chilades_trochylus",1
"Lycaenidae","Chilades","pandava","Chilades_pandava",0
"Lycaenidae","Chilades","lajus","Chilades_lajus",0
"Lycaenidae","Cupido","minimus","Cupido_minimus",1
"Lycaenidae","Tongeia","fischeri","Tongeia_fischeri",0
"Lycaenidae","Talicada","nyseus","Talicada_nyseus",0
"Lycaenidae","Leptotes","marina","Leptotes_marina",0
"Lycaenidae","Leptotes","trigemmatus","Leptotes_trigemmatus",1
"Lycaenidae","Zizeeria","knysna","Zizeeria_knysna",0
"Lycaenidae","Pseudozizeeria","maha","Pseudozizeeria_maha",0
"Lycaenidae","Theclinesthes","albocincta","Theclinesthes_albocincta",1
"Lycaenidae","Theclinesthes","hesperia","Theclinesthes_hesperia",1
"Lycaenidae","Theclinesthes","miskini","Theclinesthes_miskini",1
"Lycaenidae","Theclinesthes","onycha","Theclinesthes_onycha",1
"Lycaenidae","Theclinesthes","sulpitius","Theclinesthes_sulpitius",1
"Lycaenidae","Zizina","otis","Zizina_otis",0
"Lycaenidae","Cacyreus","darius","Cacyreus_darius",1
"Lycaenidae","Maculinea","nausithous","Maculinea_nausithous",1
"Lycaenidae","Maculinea","teleius","Maculinea_teleius",0
"Lycaenidae","Phengaris","daitozana","Phengaris_daitozana",0
"Lycaenidae","Maculinea","arionides","Maculinea_arionides",0
"Lycaenidae","Maculinea","arion","Maculinea_arion",1
"Lycaenidae","Maculinea","alcon","Maculinea_alcon",0
"Lycaenidae","Maculinea","rebeli","Maculinea_rebeli",1
"Lycaenidae","Phengaris","atroguttata","Phengaris_atroguttata",1
"Lycaenidae","Pseudophilotes","vicrama","Pseudophilotes_vicrama",1
"Lycaenidae","Pseudophilotes","baton","Pseudophilotes_baton",0
"Lycaenidae","Pseudophilotes","panoptes","Pseudophilotes_panoptes",1
"Lycaenidae","Pseudophilotes","abencerragus","Pseudophilotes_abencerragus",1
"Lycaenidae","Pseudophilotes","bavius","Pseudophilotes_bavius",1
"Lycaenidae","Turanana","cytis","Turanana_cytis",1
"Lycaenidae","Turanana","endymion","Turanana_endymion",1
"Lycaenidae","Euphilotes","battoides","Euphilotes_battoides",1
"Lycaenidae","Euphilotes","rita","Euphilotes_rita",1
"Lycaenidae","Euphilotes","enoptes","Euphilotes_enoptes",1
"Lycaenidae","Philotiella","speciosa","Philotiella_speciosa",1
"Lycaenidae","Iolana","iolas","Iolana_iolas",1
"Lycaenidae","Shijimiaeoides","divina","Shijimiaeoides_divina",1
NA,"Sinia","divina","Sinia_divina",1
"Lycaenidae","Glaucopsyche","lygdamus","Glaucopsyche_lygdamus",1
"Lycaenidae","Glaucopsyche","lycormas","Glaucopsyche_lycormas",1
"Lycaenidae","Glaucopsyche","alexis","Glaucopsyche_alexis",1
"Lycaenidae","Glaucopsyche","melanops","Glaucopsyche_melanops",1
"Lycaenidae","Glaucopsyche","piasus","Glaucopsyche_piasus",1
"Lycaenidae","Philotes","sonorensis","Philotes_sonorensis",1
"Lycaenidae","Scolitantides","orion","Scolitantides_orion",1
"Lycaenidae","Lampides","boeticus","Lampides_boeticus",1
"Lycaenidae","Cacyreus","marshalli","Cacyreus_marshalli",1
"Lycaenidae","Phlyaria","cyara","Phlyaria_cyara",1
"Lycaenidae","Uranothauma","falkensteini","Uranothauma_falkensteini",1
"Lycaenidae","Actizera","lucida","Actizera_lucida",0
"Lycaenidae","Leptotes","pirithous","Leptotes_pirithous",0
"Lycaenidae","Udara","albocaerulea","Udara_albocaerulea",1
"Lycaenidae","Acytolepis","puspa","Acytolepis_puspa",0
"Lycaenidae","Celastrina","argiolus","Celastrina_argiolus",0
"Lycaenidae","Neopithecops","zalmora","Neopithecops_zalmora",0
"Lycaenidae","Celastrina","oreas","Celastrina_oreas",0
"Lycaenidae","Eicochrysops","hippocrates","Eicochrysops_hippocrates",1
"Lycaenidae","Jamides","alecto","Jamides_alecto",0
"Lycaenidae","Zizeeria","karsandra","Zizeeria_karsandra",0
"Lycaenidae","Catochrysops","panormus","Catochrysops_panormus",1
"Lycaenidae","Castalius","rosimon","Castalius_rosimon",1
"Lycaenidae","Zintha","hintza","Zintha_hintza",1
"Lycaenidae","Caleta","elna","Caleta_elna",1
"Lycaenidae","Psychonotis","caelius","Psychonotis_caelius",1
"Lycaenidae","Jamides","bochus","Jamides_bochus",0
"Lycaenidae","Euchrysops","cnejus","Euchrysops_cnejus",0
"Lycaenidae","Lepidochrysops","dukei","Lepidochrysops_dukei",1
"Lycaenidae","Famegana","alsulus","Famegana_alsulus",1
"Lycaenidae","Zizula","hylax","Zizula_hylax",0
"Lycaenidae","Oraidium","barberae","Oraidium_barberae",1
"Lycaenidae","Erysichton","palmyra","Erysichton_palmyra",1
"Lycaenidae","Erysichton","lineata","Erysichton_lineata",1
"Lycaenidae","Azanus","mirza","Azanus_mirza",0
"Lycaenidae","Arhopala","ganesa","Arhopala_ganesa",1
"Lycaenidae","Neolucia","mathewi","Neolucia_mathewi",1
"Lycaenidae","Neolucia","hobartensis","Neolucia_hobartensis",1
"Lycaenidae","Neolucia","agricola","Neolucia_agricola",1
"Lycaenidae","Pithecops","corvus","Pithecops_corvus",0
"Lycaenidae","Pithecops","dionisius","Pithecops_dionisius",1
"Lycaenidae","Niphanda","fusca","Niphanda_fusca",0
"Lycaenidae","Ussuriana","stygiana","Ussuriana_stygiana",1
"Lycaenidae","Rapala","arata","Rapala_arata",0
"Lycaenidae","Arhopala","alaconia","Arhopala_alaconia",1
"Lycaenidae","Arhopala","amphimuta","Arhopala_amphimuta",1
"Lycaenidae","Arhopala","moolaiana","Arhopala_moolaiana",1
"Lycaenidae","Arhopala","zylda","Arhopala_zylda",1
"Lycaenidae","Arhopala","major","Arhopala_major",1
"Lycaenidae","Arhopala","muta","Arhopala_muta",1
"Lycaenidae","Arhopala","antimuta","Arhopala_antimuta",1
"Lycaenidae","Arhopala","buddha","Arhopala_buddha",1
"Lycaenidae","Arhopala","atosia","Arhopala_atosia",0
"Lycaenidae","Arhopala","horsfieldi","Arhopala_horsfieldi",1
"Lycaenidae","Arhopala","pseudocentaurus","Arhopala_pseudocentaurus",0
"Lycaenidae","Arhopala","madytus","Arhopala_madytus",1
"Lycaenidae","Arhopala","centaurus","Arhopala_centaurus",0
"Lycaenidae","Arhopala","japonica","Arhopala_japonica",1
"Lycaenidae","Arhopala","abseus","Arhopala_abseus",0
"Lycaenidae","Flos","anniella","Flos_anniella",1
"Lycaenidae","Miletus","ancon","Miletus_ancon",1
"Lycaenidae","Taraka","hamada","Taraka_hamada",1
"Lycaenidae","Liphyra","brassolis","Liphyra_brassolis",1
"Lycaenidae","Baliochila","minima","Baliochila_minima",1
"Lycaenidae","Poritia","erycinoides","Poritia_erycinoides",1
"Lycaenidae","Zesius","chrysomallus","Zesius_chrysomallus",0
"Lycaenidae","Hypochrysops","miskini","Hypochrysops_miskini",1
"Lycaenidae","Ogyris","idmo","Ogyris_idmo",1
"Lycaenidae","Lucia","limbaria","Lucia_limbaria",1
"Lycaenidae","Candalides","geminus","Candalides_geminus",1
"Lycaenidae","Quercusia","quercus","Quercusia_quercus",1
"Lycaenidae","Favonius","saphirinus","Favonius_saphirinus",1
"Lycaenidae","Favonius","ultramarinus","Favonius_ultramarinus",1
"Lycaenidae","Favonius","cognatus","Favonius_cognatus",1
"Lycaenidae","Favonius","korshunovi","Favonius_korshunovi",1
"Lycaenidae","Chrysozephyrus","ataxus","Chrysozephyrus_ataxus",1
"Lycaenidae","Favonius","jezoensis","Favonius_jezoensis",1
"Lycaenidae","Chrysozephyrus","smaragdinus","Chrysozephyrus_smaragdinus",1
"Lycaenidae","Antigius","butleri","Antigius_butleri",1
"Lycaenidae","Antigius","attilia","Antigius_attilia",1
"Lycaenidae","Araragi","enthea","Araragi_enthea",0
"Lycaenidae","Wagimo","signata","Wagimo_signata",1
"Lycaenidae","Japonica","lutea","Japonica_lutea",1
"Lycaenidae","Callophrys","ferrea","Callophrys_ferrea",0
"Lycaenidae","Japonica","saepestriata","Japonica_saepestriata",1
"Lycaenidae","Semanga","superba","Semanga_superba",1
"Lycaenidae","Surendra","vivarna","Surendra_vivarna",1
"Lycaenidae","Coreana","raphaelis","Coreana_raphaelis",1
"Lycaenidae","Ussuriana","michaelis","Ussuriana_michaelis",1
"Lycaenidae","Artopoetes","pryeri","Artopoetes_pryeri",0
"Lycaenidae","Thecla","betulae","Thecla_betulae",0
"Lycaenidae","Jalmenus","pseudictinus","Jalmenus_pseudictinus",1
"Lycaenidae","Jalmenus","daemeli","Jalmenus_daemeli",1
"Lycaenidae","Jalmenus","clementi","Jalmenus_clementi",1
"Lycaenidae","Jalmenus","evagoras","Jalmenus_evagoras",1
"Lycaenidae","Jalmenus","ictinus","Jalmenus_ictinus",0
"Lycaenidae","Jalmenus","eichhorni","Jalmenus_eichhorni",1
"Lycaenidae","Jalmenus","icilius","Jalmenus_icilius",1
"Lycaenidae","Jalmenus","lithochroa","Jalmenus_lithochroa",1
"Lycaenidae","Jalmenus","inous","Jalmenus_inous",1
"Lycaenidae","Satyrium","prunoides","Satyrium_prunoides",1
"Lycaenidae","Satyrium","eximia","Satyrium_eximia",1
"Lycaenidae","Satyrium","behrii","Satyrium_behrii",0
"Lycaenidae","Satyrium","pruni","Satyrium_pruni",1
"Lycaenidae","Rapala","caerulea","Rapala_caerulea",1
"Lycaenidae","Pseudalmenus","chlorinda","Pseudalmenus_chlorinda",1
"Lycaenidae","Lycaena","dispar","Lycaena_dispar",1
"Lycaenidae","Lycaena","phlaeas","Lycaena_phlaeas",0
"Lycaenidae","Lycaena","tityrus","Lycaena_tityrus",1
"Lycaenidae","Lycaena","virgaureae","Lycaena_virgaureae",1
"Lycaenidae","Lycaena","solskyi","Lycaena_solskyi",1
"Lycaenidae","Anthene","emolus","Anthene_emolus",0
"Lycaenidae","Deudorix","antalus","Deudorix_antalus",0
"Lycaenidae","Deudorix","epijarbas","Deudorix_epijarbas",0
"Lycaenidae","Curetis","bulis","Curetis_bulis",1
"Lycaenidae","Hypolycaena","erylus","Hypolycaena_erylus",0
"Lycaenidae","Curetis","acuta","Curetis_acuta",1
"Riodinidae","Apodemia","mormo","Apodemia_mormo",1
"Riodinidae","Emesis","mandana","Emesis_mandana",0
"Riodinidae","Hamearis","lucina","Hamearis_lucina",1
"Pieridae","Delias","nais","Delias_nais",1
"Pieridae","Delias","descombesi","Delias_descombesi",0
"Pieridae","Delias","hyparete","Delias_hyparete",0
"Pieridae","Delias","pasithoe","Delias_pasithoe",0
"Pieridae","Delias","baracasa","Delias_baracasa",1
"Pieridae","Delias","belisama","Delias_belisama",0
"Pieridae","Delias","belladonna","Delias_belladonna",0
"Pieridae","Aporia","agathon","Aporia_agathon",1
"Pieridae","Aporia","crataegi","Aporia_crataegi",0
"Pieridae","Eucheira","socialis","Eucheira_socialis",1
"Pieridae","Neophasia","menapia","Neophasia_menapia",1
"Pieridae","Mylothris","agathina","Mylothris_agathina",0
"Pieridae","Mylothris","bernice","Mylothris_bernice",1
"Pieridae","Cepora","perimale","Cepora_perimale",1
"Pieridae","Prioneris","philonome","Prioneris_philonome",1
"Pieridae","Belenois","antsianaka","Belenois_antsianaka",1
"Pieridae","Cepora","nerissa","Cepora_nerissa",1
"Pieridae","Appias","lyncida","Appias_lyncida",0
"Pieridae","Pontia","beckerii","Pontia_beckerii",0
"Pieridae","Leptophobia","aripa","Leptophobia_aripa",0
"Pieridae","Pontia","occidentalis","Pontia_occidentalis",0
"Pieridae","Tatochila","autodice","Tatochila_autodice",0
"Pieridae","Ascia","monuste","Ascia_monuste",0
"Pieridae","Ganyra","josephina","Ganyra_josephina",1
"Ericaceae","Pieris","virginiensis","Pieris_virginiensis",1
"Ericaceae","Pieris","napi","Pieris_napi",0
"Ericaceae","Pieris","melete","Pieris_melete",0
"Ericaceae","Pieris","canidia","Pieris_canidia",0
"Ericaceae","Pieris","rapae","Pieris_rapae",1
"Ericaceae","Pieris","brassicae","Pieris_brassicae",0
"Lycaenidae","Ogyris","amaryllis","Ogyris_amaryllis",1
"Pieridae","Talbotia","naganum","Talbotia_naganum",0
"Pieridae","Appias","sabina","Appias_sabina",0
"Pieridae","Appias","nero","Appias_nero",1
"Pieridae","Appias","paulina","Appias_paulina",0
"Pieridae","Appias","drusilla","Appias_drusilla",0
"Pieridae","Dixeia","charina","Dixeia_charina",1
"Pieridae","Leptosia","nina","Leptosia_nina",0
"Pieridae","Anthocharis","cardamines","Anthocharis_cardamines",1
"Pieridae","Zegris","eupheme","Zegris_eupheme",1
"Pieridae","Euchloe","ausonides","Euchloe_ausonides",1
"Pieridae","Euchloe","olympia","Euchloe_olympia",1
"Pieridae","Pinacopteryx","eriphia","Pinacopteryx_eriphia",1
"Pieridae","Ixias","pyrene","Ixias_pyrene",1
"Pieridae","Eronia","cleodora","Eronia_cleodora",0
"Pieridae","Colotis","hetaera","Colotis_hetaera",1
"Pieridae","Nepheronia","thalassina","Nepheronia_thalassina",1
"Pieridae","Pareronia","valeria","Pareronia_valeria",1
"Pieridae","Leptosia","alcesta","Leptosia_alcesta",1
"Pieridae","Hebomoia","glaucippe","Hebomoia_glaucippe",0
"Pieridae","Colias","meadii","Colias_meadii",1
"Pieridae","Colias","christina","Colias_christina",1
"Pieridae","Colias","hyale","Colias_hyale",1
"Pieridae","Colias","hyperborea","Colias_hyperborea",1
"Pieridae","Colias","philodice","Colias_philodice",1
"Pieridae","Colias","eurytheme","Colias_eurytheme",0
"Pieridae","Colias","hecla","Colias_hecla",0
"Pieridae","Colias","croceus","Colias_croceus",1
"Pieridae","Colias","erate","Colias_erate",1
"Pieridae","Colias","electo","Colias_electo",0
"Pieridae","Colias","pelidne","Colias_pelidne",1
"Pieridae","Colias","interior","Colias_interior",1
"Pieridae","Colias","behrii","Colias_behrii",0
"Pieridae","Zerene","cesonia","Zerene_cesonia",1
"Pieridae","Anteos","clorinde","Anteos_clorinde",1
"Pieridae","Dercas","verhuelli","Dercas_verhuelli",1
"Pieridae","Catopsilia","pyranthe","Catopsilia_pyranthe",0
"Pieridae","Catopsilia","scylla","Catopsilia_scylla",1
"Pieridae","Catopsilia","pomona","Catopsilia_pomona",1
"Pieridae","Catopsilia","florella","Catopsilia_florella",0
"Pieridae","Zerene","eurydice","Zerene_eurydice",1
"Pieridae","Phoebis","sennae","Phoebis_sennae",0
"Pieridae","Aphrissa","statira","Aphrissa_statira",0
"Pieridae","Gonepteryx","rhamni","Gonepteryx_rhamni",0
"Pieridae","Gonepteryx","amintha","Gonepteryx_amintha",0
"Pieridae","Gonepteryx","mahaguru","Gonepteryx_mahaguru",1
"Pieridae","Gandaca","harina","Gandaca_harina",1
"Pieridae","Nathalis","iole","Nathalis_iole",0
"Pieridae","Kricogonia","lyside","Kricogonia_lyside",1
"Pieridae","Eurema","blanda","Eurema_blanda",0
"Pieridae","Eurema","hecabe","Eurema_hecabe",0
"Pieridae","Eurema","brigitta","Eurema_brigitta",0
"Pieridae","Eurema","mexicana","Eurema_mexicana",1
"Pieridae","Eurema","floricola","Eurema_floricola",1
"Pieridae","Phoebis","philea","Phoebis_philea",1
"Pieridae","Dismorphia","amphiona","Dismorphia_amphiona",1
"Pieridae","Pseudopieris","nehemia","Pseudopieris_nehemia",1
"Pieridae","Leptidea","morsei","Leptidea_morsei",1
"Pieridae","Leptidea","sinapis","Leptidea_sinapis",1
"Pieridae","Pseudopontia","paradoxa","Pseudopontia_paradoxa",0
"Papilionidae","Papilio","krishna","Papilio_krishna",1
"Papilionidae","Papilio","arcturus","Papilio_arcturus",1
"Papilionidae","Papilio","paris","Papilio_paris",1
"Papilionidae","Papilio","bianor","Papilio_bianor",0
"Papilionidae","Papilio","polyctor","Papilio_polyctor",1
"Papilionidae","Papilio","dialis","Papilio_dialis",1
"Papilionidae","Papilio","palinurus","Papilio_palinurus",1
"Papilionidae","Papilio","peranthus","Papilio_peranthus",1
"Papilionidae","Papilio","anactus","Papilio_anactus",1
"Papilionidae","Papilio","polyxenes","Papilio_polyxenes",0
"Papilionidae","Papilio","zelicaon","Papilio_zelicaon",0
"Papilionidae","Papilio","machaon","Papilio_machaon",0
"Papilionidae","Papilio","indra","Papilio_indra",0
"Papilionidae","Papilio","nephelus","Papilio_nephelus",1
"Papilionidae","Papilio","polytes","Papilio_polytes",1
"Papilionidae","Papilio","protenor","Papilio_protenor",0
"Papilionidae","Papilio","macilentus","Papilio_macilentus",1
"Papilionidae","Papilio","aegeus","Papilio_aegeus",1
"Papilionidae","Papilio","memnon","Papilio_memnon",0
"Papilionidae","Papilio","helenus","Papilio_helenus",1
"Papilionidae","Papilio","fuscus","Papilio_fuscus",0
"Papilionidae","Papilio","nobilis","Papilio_nobilis",1
"Papilionidae","Papilio","demodocus","Papilio_demodocus",0
"Papilionidae","Papilio","demoleus","Papilio_demoleus",0
"Papilionidae","Papilio","dardanus","Papilio_dardanus",0
"Papilionidae","Papilio","phorcas","Papilio_phorcas",1
"Papilionidae","Papilio","constantinus","Papilio_constantinus",1
"Papilionidae","Papilio","rex","Papilio_rex",1
"Papilionidae","Papilio","lormieri","Papilio_lormieri",1
"Papilionidae","Papilio","glaucus","Papilio_glaucus",0
"Papilionidae","Papilio","troilus","Papilio_troilus",0
"Papilionidae","Papilio","rutulus","Papilio_rutulus",0
"Papilionidae","Papilio","multicaudatus","Papilio_multicaudatus",0
"Papilionidae","Papilio","scamander","Papilio_scamander",0
"Papilionidae","Papilio","laglaizei","Papilio_laglaizei",1
"Papilionidae","Papilio","palamedes","Papilio_palamedes",0
"Papilionidae","Papilio","pilumnus","Papilio_pilumnus",1
"Papilionidae","Papilio","clytia","Papilio_clytia",0
"Papilionidae","Papilio","epycides","Papilio_epycides",1
"Papilionidae","Papilio","alexanor","Papilio_alexanor",1
"Papilionidae","Papilio","torquatus","Papilio_torquatus",1
"Papilionidae","Papilio","hectorides","Papilio_hectorides",0
"Papilionidae","Papilio","anchisiades","Papilio_anchisiades",1
"Papilionidae","Papilio","astyalus","Papilio_astyalus",1
"Papilionidae","Papilio","thoas","Papilio_thoas",0
"Papilionidae","Papilio","cresphontes","Papilio_cresphontes",0
"Papilionidae","Meandrusa","payeni","Meandrusa_payeni",1
"Papilionidae","Teinopalpus","imperialis","Teinopalpus_imperialis",1
"Papilionidae","Troides","helena","Troides_helena",1
"Papilionidae","Troides","amphrysus","Troides_amphrysus",1
"Papilionidae","Pachliopta","hector","Pachliopta_hector",1
"Papilionidae","Parides","anchises","Parides_anchises",1
"Papilionidae","Parides","vertumnus","Parides_vertumnus",1
"Papilionidae","Parides","sesostris","Parides_sesostris",1
"Papilionidae","Parides","zacynthus","Parides_zacynthus",1
"Papilionidae","Parides","neophilus","Parides_neophilus",0
"Papilionidae","Parides","lysander","Parides_lysander",0
"Papilionidae","Parides","panthonus","Parides_panthonus",1
"Papilionidae","Parides","eurimedes","Parides_eurimedes",1
"Papilionidae","Parides","aeneas","Parides_aeneas",1
"Papilionidae","Parides","tros","Parides_tros",1
"Papilionidae","Parides","ascanius","Parides_ascanius",1
"Papilionidae","Parides","proneus","Parides_proneus",1
"Papilionidae","Parides","agavus","Parides_agavus",1
"Papilionidae","Euryades","corethrus","Euryades_corethrus",1
"Papilionidae","Atrophaneura","laos","Atrophaneura_laos",1
"Papilionidae","Atrophaneura","alcinous","Atrophaneura_alcinous",1
"Papilionidae","Cressida","cressida","Cressida_cressida",1
"Papilionidae","Pharmacophagus","antenor","Pharmacophagus_antenor",0
"Papilionidae","Battus","polystictus","Battus_polystictus",1
"Papilionidae","Battus","belus","Battus_belus",1
"Papilionidae","Battus","crassus","Battus_crassus",1
"Papilionidae","Battus","philenor","Battus_philenor",0
"Papilionidae","Battus","polydamas","Battus_polydamas",0
NA,"Graphium","aristeus","Graphium_aristeus",1
NA,"Graphium","antiphates","Graphium_antiphates",0
NA,"Graphium","ridleyanus","Graphium_ridleyanus",1
NA,"Graphium","leonidas","Graphium_leonidas",0
NA,"Graphium","eurypylus","Graphium_eurypylus",0
NA,"Graphium","doson","Graphium_doson",0
NA,"Graphium","empedovana","Graphium_empedovana",1
NA,"Graphium","sarpedon","Graphium_sarpedon",0
NA,"Graphium","cloanthus","Graphium_cloanthus",0
NA,"Graphium","agamemnon","Graphium_agamemnon",0
NA,"Graphium","nomius","Graphium_nomius",0
"Papilionidae","Eurytides","marcellus","Eurytides_marcellus",1
"Papilionidae","Lamproptera","curius","Lamproptera_curius",1
"Papilionidae","Lamproptera","meges","Lamproptera_meges",1
"Papilionidae","Iphiclides","podalirius","Iphiclides_podalirius",0
"Papilionidae","Parnassius","glacialis","Parnassius_glacialis",1
"Papilionidae","Parnassius","stubbendorfii","Parnassius_stubbendorfii",1
"Papilionidae","Parnassius","mnemosyne","Parnassius_mnemosyne",1
"Papilionidae","Parnassius","eversmanni","Parnassius_eversmanni",1
"Papilionidae","Parnassius","clodius","Parnassius_clodius",1
"Papilionidae","Parnassius","tenedius","Parnassius_tenedius",1
"Papilionidae","Parnassius","phoebus","Parnassius_phoebus",1
"Papilionidae","Parnassius","bremeri","Parnassius_bremeri",1
"Papilionidae","Parnassius","apollo","Parnassius_apollo",0
"Papilionidae","Parnassius","nomion","Parnassius_nomion",1
"Papilionidae","Hypermnestra","helios","Hypermnestra_helios",1
"Papilionidae","Zerynthia","polyxena","Zerynthia_polyxena",1
"Papilionidae","Zerynthia","rumina","Zerynthia_rumina",1
"Papilionidae","Bhutanitis","lidderdalii","Bhutanitis_lidderdalii",1
"Papilionidae","Sericinus","montela","Sericinus_montela",1
"Papilionidae","Luehdorfia","chinensis","Luehdorfia_chinensis",1
"Papilionidae","Luehdorfia","longicaudata","Luehdorfia_longicaudata",1
"Papilionidae","Luehdorfia","puziloi","Luehdorfia_puziloi",1
"Papilionidae","Luehdorfia","japonica","Luehdorfia_japonica",1
"Papilionidae","Archon","apollinus","Archon_apollinus",1
"Papilionidae","Baronia","brevicornis","Baronia_brevicornis",1
